{"sceneName":"StartingRoom","playerPosition":{"x":-32.56001281738281,"y":-13.004985809326172,"z":0.33996909856796267},"alive":true,"hp":5,"dashObtained":false}