{"sceneName":"DashRoom","playerPosition":{"x":-112.48006439208985,"y":-66.9715576171875,"z":0.33996909856796267},"alive":true,"hp":5,"dashObtained":true}