{"sceneName":"DashRoom","playerPosition":{"x":-110.99667358398438,"y":-71.00502014160156,"z":0.33996909856796267},"alive":true,"hp":5,"dashObtained":true}