{"sceneName":"Deadlands","playerPosition":{"x":-7.980000019073486,"y":-14.004985809326172,"z":0.33996909856796267},"alive":true,"hp":5}